name	type	units	low_cutoff	high_cutoff	description	sampling_frequency	status	status_description
FC5	EEG	µV	0.0	125.0	ElectroEncephaloGram	250.0	good	n/a
FC3	EEG	µV	0.0	125.0	ElectroEncephaloGram	250.0	good	n/a
FC1	EEG	µV	0.0	125.0	ElectroEncephaloGram	250.0	good	n/a
FCZ	EEG	µV	0.0	125.0	ElectroEncephaloGram	250.0	good	n/a
FC2	EEG	µV	0.0	125.0	ElectroEncephaloGram	250.0	good	n/a
FC4	EEG	µV	0.0	125.0	ElectroEncephaloGram	250.0	good	n/a
FC6	EEG	µV	0.0	125.0	ElectroEncephaloGram	250.0	good	n/a
C5	EEG	µV	0.0	125.0	ElectroEncephaloGram	250.0	good	n/a
C3	EEG	µV	0.0	125.0	ElectroEncephaloGram	250.0	good	n/a
C1	EEG	µV	0.0	125.0	ElectroEncephaloGram	250.0	good	n/a
CZ	EEG	µV	0.0	125.0	ElectroEncephaloGram	250.0	good	n/a
C2	EEG	µV	0.0	125.0	ElectroEncephaloGram	250.0	good	n/a
C4	EEG	µV	0.0	125.0	ElectroEncephaloGram	250.0	good	n/a
C6	EEG	µV	0.0	125.0	ElectroEncephaloGram	250.0	good	n/a
CP5	EEG	µV	0.0	125.0	ElectroEncephaloGram	250.0	good	n/a
CP3	EEG	µV	0.0	125.0	ElectroEncephaloGram	250.0	good	n/a
CP1	EEG	µV	0.0	125.0	ElectroEncephaloGram	250.0	good	n/a
CPZ	EEG	µV	0.0	125.0	ElectroEncephaloGram	250.0	good	n/a
CP2	EEG	µV	0.0	125.0	ElectroEncephaloGram	250.0	good	n/a
CP4	EEG	µV	0.0	125.0	ElectroEncephaloGram	250.0	good	n/a
CP6	EEG	µV	0.0	125.0	ElectroEncephaloGram	250.0	good	n/a
P5	EEG	µV	0.0	125.0	ElectroEncephaloGram	250.0	good	n/a
P3	EEG	µV	0.0	125.0	ElectroEncephaloGram	250.0	good	n/a
P1	EEG	µV	0.0	125.0	ElectroEncephaloGram	250.0	good	n/a
PZ	EEG	µV	0.0	125.0	ElectroEncephaloGram	250.0	good	n/a
P2	EEG	µV	0.0	125.0	ElectroEncephaloGram	250.0	good	n/a
P4	EEG	µV	0.0	125.0	ElectroEncephaloGram	250.0	good	n/a
P6	EEG	µV	0.0	125.0	ElectroEncephaloGram	250.0	good	n/a
