name	x	y	z
FC5	-0.07890597635539306	0.05136738419239063	0.062962347939219
FC3	-0.06185233708120759	0.057133285360774055	0.09376582882952159
FC1	-0.03571586037883836	0.06171405984105545	0.11798301537735345
FCZ	n/a	n/a	n/a
FC2	0.033130982370817734	0.06182848606183057	0.11678169813445419
FC4	0.06062548180278077	0.05770742045738668	0.09379461804488001
FC6	0.0778466192866476	0.05209881120036266	0.06286710628925257
C5	-0.08208529873125733	0.01929362757100219	0.06948966772818678
C3	-0.0671487229331174	0.023358230537446293	0.1045106810602483
C1	-0.03793782383476591	0.0263374518138683	0.1297706088883019
CZ	n/a	n/a	n/a
C2	0.03589271692022557	0.026358138278001507	0.12841234097161083
C4	0.06532888071838541	0.023573104961569495	0.10369243420047652
C6	0.08165316938062157	0.01969565941729637	0.06948180710556634
CP5	-0.08151351110863697	-0.01334569381422213	0.07313262712367305
CP3	-0.06547223352095873	-0.011896603418787375	0.10777792004226631
CP1	-0.03742512541749303	-0.0108242377168398	0.13344371157184132
CPZ	n/a	n/a	n/a
CP2	0.036471959575241124	-0.010903791502932452	0.1328122726312171
CP4	0.06469625505180063	-0.011991175153616248	0.1077128709239866
CP6	0.08140110772413488	-0.013462042634867968	0.07336367003861291
P5	-0.06929984033251055	-0.04322697385521733	0.07225380245654417
P3	-0.0550382318026169	-0.044210304662340896	0.09990897692200876
P1	-0.03065361671214898	-0.0449273871112134	0.119472045379713
PZ	n/a	n/a	n/a
P2	0.02988639367294514	-0.04503254211011841	0.12074781507025116
P4	0.05363601546337514	-0.04433452185507687	0.10051602773215099
P6	0.06586061936218297	-0.043338515400606556	0.07194130862688103
